{"type": "FeatureCollection", "features": [{"type": "Feature", "properties": {"name": "Michigan UP Zone", "ai_interpretation": "Moderate to High probability based on placer deposits and historical mining activity.", "ai_probability_score": 82}, "geometry": {"type": "Polygon", "coordinates": [[[-87.8, 46.7], [-87.4, 46.7], [-87.4, 46.4], [-87.8, 46.4], [-87.8, 46.7]]]}}, {"type": "Feature", "properties": {"name": "Colorado Front Range", "ai_interpretation": "High AI confidence; geological structure and ancient stream channels show gold concentration.", "ai_probability_score": 94}, "geometry": {"type": "Polygon", "coordinates": [[[-105.6, 39.8], [-105.0, 39.8], [-105.0, 39.2], [-105.6, 39.2], [-105.6, 39.8]]]}}, {"type": "Feature", "properties": {"name": "California Sierra Nevada", "ai_interpretation": "Extremely high concentration of gold bearing quartz veins and placer wash zones.", "ai_probability_score": 97}, "geometry": {"type": "Polygon", "coordinates": [[[-120.6, 38.2], [-119.8, 38.2], [-119.8, 37.4], [-120.6, 37.4], [-120.6, 38.2]]]}}, {"type": "Feature", "properties": {"name": "Nevada Gold Belt", "ai_interpretation": "Consistent historical production with strong AI correlation to earth MRI data.", "ai_probability_score": 91}, "geometry": {"type": "Polygon", "coordinates": [[[-117.5, 40.0], [-116.5, 40.0], [-116.5, 39.0], [-117.5, 39.0], [-117.5, 40.0]]]}}, {"type": "Feature", "properties": {"name": "Arizona Mineral Zone", "ai_interpretation": "High probability of gold-silver mix based on AI topographic shadow recognition.", "ai_probability_score": 88}, "geometry": {"type": "Polygon", "coordinates": [[[-112.3, 34.6], [-111.6, 34.6], [-111.6, 34.0], [-112.3, 34.0], [-112.3, 34.6]]]}}]}